<?xml version="1.0" encoding="utf-8"?>
<install version="1.5" type="plugin" group="user">
	<name>UserCrypt - user encryption - Create User / Login / Logout</name>
	<author>CodeGravity.com</author>
	<creationDate>August 2011</creationDate>
	<copyright>(C) 2011 CodeGravity.com</copyright>
	<license>http://www.gnu.org/licenses/gpl-3.0.html GNU/GPLv3</license>
	<authorEmail>foo@codegravity.com</authorEmail>
	<authorUrl>www.codegravity.com</authorUrl>
	<version>1.0</version>
	<description>This plugin encrypts all the user data (name, username, email) in users table. After installation and before activating this plugin, be sure to take full backup of the users table. Also please enter a file path (containing a secret security key, like - c3VwcmF0aW06WVdKalpERXlNelE9) in plugin parameter field (Security Key) to make this plugin work. On activating, this plugin will automatically encrypt existing users data using the security key in the file you mention in plugin parameter field.</description>
	<files>
		<filename plugin="usercrypt">usercrypt.php</filename>
	</files>
	<params>
	<param name="security_key" type="text" default="" label="Filesystem path to security key" description="" />
 	<param name="log_queries" type="radio" default="N" label="Log queries" description="">
			<option value="N">No</option>
			<option value="Y">Yes</option>
		</param>
		<param name="log_file_path" type="text" default="" label="Filesystem path to log file" description="" />
	</params>
</install>
