<?xml version="1.0" encoding="utf-8"?>
<install version="1.5" type="plugin" group="authentication">
	<name>UserCrypt - user encryption - Authentication</name>
	<author>CodeGravity.com</author>
	<creationDate>August 2011</creationDate>
	<copyright>(C) 2011 CodeGravity.com</copyright>
	<license>http://www.gnu.org/licenses/gpl-3.0.html GNU/GPLv3</license>
	<authorEmail>foo@codegravity.com</authorEmail>
	<authorUrl>www.codegravity.com</authorUrl>
	<version>1.0</version>
	<description>This plugin helps to authenticate users with actual username and password while their data are in encrypted stage in database.</description>
	<files>
		<filename plugin="usercrypt">usercrypt.php</filename>
	</files>
	<params/>
</install>
