<?xml version="1.0" encoding="UTF-8"?>
<install version="1.5" type="plugin" group="system">
	<name>UserCrypt - user encryption - Database Interceptor</name>
	<author>CodeGravity.com</author>
	<creationDate>August 2011</creationDate>
	<copyright>(C) 2011 CodeGravity.com</copyright>
	<license>http://www.gnu.org/licenses/gpl-3.0.html GNU/GPLv3</license>
	<authorEmail>foo@codegravity.com</authorEmail>
	<authorUrl>www.codegravity.com</authorUrl>
	<version>1.0</version>
	<description>When activated this ensures that your system is automatically decrypting all user related database queries.</description>
	<files>
		<filename plugin="usercryptdatabase">usercryptdatabase.php</filename>
		<filename>usercryptdatabase/intercept.jdatabasemysql.php</filename>
		<filename>usercryptdatabase/intercept.jdatabasemysqli.php</filename>
		<filename>usercryptdatabase/usercryptdatabase_inherit.php</filename>
		<filename>usercryptdatabase/index.html</filename>
	</files>
</install>
